confidence,intensity,prediction
96.82752227783203,1.1989005287422712,surprise
78.79488372802734,1.098579626838987,surprise
40.89279556274414,6.010068838839171,sadness
73.28305053710938,4.989813699673546,sadness
56.7815055847168,0.9518815705447187,surprise
95.47748565673828,0.6587580841681349,surprise
